{"bloqade.analog.task.batch.RemoteBatch": {"source": null, "tasks": [[0, {"bloqade.analog.task.braket.BraketTask": {"task_id": null, "backend": {"device_arn": "arn:aws:braket:us-east-1::device/qpu/quera/Aquila"}, "task_ir": {"nshots": 100, "lattice": {"sites": [[0E-7, 0E-7], [0E-7, 0.0000050], [0E-7, 0.0000100], [0E-7, 0.0000150], [0E-7, 0.0000200], [0E-7, 0.0000250], [0E-7, 0.0000300], [0E-7, 0.0000350], [0E-7, 0.0000400], [0E-7, 0.0000450], [0E-7, 0.0000500], [0E-7, 0.0000550], [0E-7, 0.0000600], [0E-7, 0.0000650], [0E-7, 0.0000700], [0E-7, 0.0000750], [0.0000050, 0E-7], [0.0000050, 0.0000050], [0.0000050, 0.0000100], [0.0000050, 0.0000150], [0.0000050, 0.0000200], [0.0000050, 0.0000250], [0.0000050, 0.0000300], [0.0000050, 0.0000350], [0.0000050, 0.0000400], [0.0000050, 0.0000450], [0.0000050, 0.0000500], [0.0000050, 0.0000550], [0.0000050, 0.0000600], [0.0000050, 0.0000650], [0.0000050, 0.0000700], [0.0000050, 0.0000750], [0.0000100, 0E-7], [0.0000100, 0.0000050], [0.0000100, 0.0000100], [0.0000100, 0.0000150], [0.0000100, 0.0000200], [0.0000100, 0.0000250], [0.0000100, 0.0000300], [0.0000100, 0.0000350], [0.0000100, 0.0000400], [0.0000100, 0.0000450], [0.0000100, 0.0000500], [0.0000100, 0.0000550], [0.0000100, 0.0000600], [0.0000100, 0.0000650], [0.0000100, 0.0000700], [0.0000100, 0.0000750], [0.0000150, 0E-7], [0.0000150, 0.0000050], [0.0000150, 0.0000100], [0.0000150, 0.0000150], [0.0000150, 0.0000200], [0.0000150, 0.0000250], [0.0000150, 0.0000300], [0.0000150, 0.0000350], [0.0000150, 0.0000400], [0.0000150, 0.0000450], [0.0000150, 0.0000500], [0.0000150, 0.0000550], [0.0000150, 0.0000600], [0.0000150, 0.0000650], [0.0000150, 0.0000700], [0.0000150, 0.0000750], [0.0000200, 0E-7], [0.0000200, 0.0000050], [0.0000200, 0.0000100], [0.0000200, 0.0000150], [0.0000200, 0.0000200], [0.0000200, 0.0000250], [0.0000200, 0.0000300], [0.0000200, 0.0000350], [0.0000200, 0.0000400], [0.0000200, 0.0000450], [0.0000200, 0.0000500], [0.0000200, 0.0000550], [0.0000200, 0.0000600], [0.0000200, 0.0000650], [0.0000200, 0.0000700], [0.0000200, 0.0000750], [0.0000250, 0E-7], [0.0000250, 0.0000050], [0.0000250, 0.0000100], [0.0000250, 0.0000150], [0.0000250, 0.0000200], [0.0000250, 0.0000250], [0.0000250, 0.0000300], [0.0000250, 0.0000350], [0.0000250, 0.0000400], [0.0000250, 0.0000450], [0.0000250, 0.0000500], [0.0000250, 0.0000550], [0.0000250, 0.0000600], [0.0000250, 0.0000650], [0.0000250, 0.0000700], [0.0000250, 0.0000750], [0.0000300, 0E-7], [0.0000300, 0.0000050], [0.0000300, 0.0000100], [0.0000300, 0.0000150], [0.0000300, 0.0000200], [0.0000300, 0.0000250], [0.0000300, 0.0000300], [0.0000300, 0.0000350], [0.0000300, 0.0000400], [0.0000300, 0.0000450], [0.0000300, 0.0000500], [0.0000300, 0.0000550], [0.0000300, 0.0000600], [0.0000300, 0.0000650], [0.0000300, 0.0000700], [0.0000300, 0.0000750], [0.0000350, 0E-7], [0.0000350, 0.0000050], [0.0000350, 0.0000100], [0.0000350, 0.0000150], [0.0000350, 0.0000200], [0.0000350, 0.0000250], [0.0000350, 0.0000300], [0.0000350, 0.0000350], [0.0000350, 0.0000400], [0.0000350, 0.0000450], [0.0000350, 0.0000500], [0.0000350, 0.0000550], [0.0000350, 0.0000600], [0.0000350, 0.0000650], [0.0000350, 0.0000700], [0.0000350, 0.0000750], [0.0000400, 0E-7], [0.0000400, 0.0000050], [0.0000400, 0.0000100], [0.0000400, 0.0000150], [0.0000400, 0.0000200], [0.0000400, 0.0000250], [0.0000400, 0.0000300], [0.0000400, 0.0000350], [0.0000400, 0.0000400], [0.0000400, 0.0000450], [0.0000400, 0.0000500], [0.0000400, 0.0000550], [0.0000400, 0.0000600], [0.0000400, 0.0000650], [0.0000400, 0.0000700], [0.0000400, 0.0000750], [0.0000450, 0E-7], [0.0000450, 0.0000050], [0.0000450, 0.0000100], [0.0000450, 0.0000150], [0.0000450, 0.0000200], [0.0000450, 0.0000250], [0.0000450, 0.0000300], [0.0000450, 0.0000350], [0.0000450, 0.0000400], [0.0000450, 0.0000450], [0.0000450, 0.0000500], [0.0000450, 0.0000550], [0.0000450, 0.0000600], [0.0000450, 0.0000650], [0.0000450, 0.0000700], [0.0000450, 0.0000750], [0.0000500, 0E-7], [0.0000500, 0.0000050], [0.0000500, 0.0000100], [0.0000500, 0.0000150], [0.0000500, 0.0000200], [0.0000500, 0.0000250], [0.0000500, 0.0000300], [0.0000500, 0.0000350], [0.0000500, 0.0000400], [0.0000500, 0.0000450], [0.0000500, 0.0000500], [0.0000500, 0.0000550], [0.0000500, 0.0000600], [0.0000500, 0.0000650], [0.0000500, 0.0000700], [0.0000500, 0.0000750], [0.0000550, 0E-7], [0.0000550, 0.0000050], [0.0000550, 0.0000100], [0.0000550, 0.0000150], [0.0000550, 0.0000200], [0.0000550, 0.0000250], [0.0000550, 0.0000300], [0.0000550, 0.0000350], [0.0000550, 0.0000400], [0.0000550, 0.0000450], [0.0000550, 0.0000500], [0.0000550, 0.0000550], [0.0000550, 0.0000600], [0.0000550, 0.0000650], [0.0000550, 0.0000700], [0.0000550, 0.0000750], [0.0000600, 0E-7], [0.0000600, 0.0000050], [0.0000600, 0.0000100], [0.0000600, 0.0000150], [0.0000600, 0.0000200], [0.0000600, 0.0000250], [0.0000600, 0.0000300], [0.0000600, 0.0000350], [0.0000600, 0.0000400], [0.0000600, 0.0000450], [0.0000600, 0.0000500], [0.0000600, 0.0000550], [0.0000600, 0.0000600], [0.0000600, 0.0000650], [0.0000600, 0.0000700], [0.0000600, 0.0000750], [0.0000650, 0E-7], [0.0000650, 0.0000050], [0.0000650, 0.0000100], [0.0000650, 0.0000150], [0.0000650, 0.0000200], [0.0000650, 0.0000250], [0.0000650, 0.0000300], [0.0000650, 0.0000350], [0.0000650, 0.0000400], [0.0000650, 0.0000450], [0.0000650, 0.0000500], [0.0000650, 0.0000550], [0.0000650, 0.0000600], [0.0000650, 0.0000650], [0.0000650, 0.0000700], [0.0000650, 0.0000750], [0.0000700, 0E-7], [0.0000700, 0.0000050], [0.0000700, 0.0000100], [0.0000700, 0.0000150], [0.0000700, 0.0000200], [0.0000700, 0.0000250], [0.0000700, 0.0000300], [0.0000700, 0.0000350], [0.0000700, 0.0000400], [0.0000700, 0.0000450], [0.0000700, 0.0000500], [0.0000700, 0.0000550], [0.0000700, 0.0000600], [0.0000700, 0.0000650], [0.0000700, 0.0000700], [0.0000700, 0.0000750], [0.0000750, 0E-7], [0.0000750, 0.0000050], [0.0000750, 0.0000100], [0.0000750, 0.0000150], [0.0000750, 0.0000200], [0.0000750, 0.0000250], [0.0000750, 0.0000300], [0.0000750, 0.0000350], [0.0000750, 0.0000400], [0.0000750, 0.0000450], [0.0000750, 0.0000500], [0.0000750, 0.0000550], [0.0000750, 0.0000600], [0.0000750, 0.0000650], [0.0000750, 0.0000700], [0.0000750, 0.0000750]], "filling": [1, 1, 1, 1, 1, 1, 1, 1, 1, 1, 1, 1, 1, 1, 1, 1, 1, 1, 1, 1, 1, 1, 1, 1, 1, 1, 1, 1, 1, 1, 1, 1, 1, 1, 1, 1, 1, 1, 1, 1, 1, 1, 1, 1, 1, 1, 1, 1, 1, 1, 1, 1, 1, 1, 1, 1, 1, 1, 1, 1, 1, 1, 1, 1, 1, 1, 1, 1, 1, 1, 1, 1, 1, 1, 1, 1, 1, 1, 1, 1, 1, 1, 1, 1, 1, 1, 1, 1, 1, 1, 1, 1, 1, 1, 1, 1, 1, 1, 1, 1, 1, 1, 1, 1, 1, 1, 1, 1, 1, 1, 1, 1, 1, 1, 1, 1, 1, 1, 1, 1, 1, 1, 1, 1, 1, 1, 1, 1, 1, 1, 1, 1, 1, 1, 1, 1, 1, 1, 1, 1, 1, 1, 1, 1, 1, 1, 1, 1, 1, 1, 1, 1, 1, 1, 1, 1, 1, 1, 1, 1, 1, 1, 1, 1, 1, 1, 1, 1, 1, 1, 1, 1, 1, 1, 1, 1, 1, 1, 1, 1, 1, 1, 1, 1, 1, 1, 1, 1, 1, 1, 1, 1, 1, 1, 1, 1, 1, 1, 1, 1, 1, 1, 1, 1, 1, 1, 1, 1, 1, 1, 1, 1, 1, 1, 1, 1, 1, 1, 1, 1, 1, 1, 1, 1, 1, 1, 1, 1, 1, 1, 1, 1, 1, 1, 1, 1, 1, 1, 1, 1, 1, 1, 1, 1, 1, 1, 1, 1, 1, 1, 1, 1, 1, 1, 1, 1]}, "effective_hamiltonian": {"rydberg": {"rabi_frequency_amplitude": {"global": {"times": [0E-9, 4.00E-7, 0.000003600, 0.000004000], "values": [0.0, 15000000.0, 15000000.0, 0.0]}}, "rabi_frequency_phase": {"global": {"times": [0E-9, 0.000004000], "values": [0E-7, 0E-7]}}, "detuning": {"global": {"times": [0E-9, 4.00E-7, 0.000003600, 0.000004000], "values": [-20000000.0, -20000000.0, 20000000.0, 20000000.0]}, "local": {"times": [0E-9, 4.00E-7, 0.000003600, 0.000004000], "values": [0E+5, 2.00E+7, 2.00E+7, 0E+5],